Sat Mar  7 16:37:48 2020,j
Sat Mar  7 16:37:48 2020,11.95, -12.17, 120.53
Sat Mar  7 16:37:48 2020,11.94, -12.11, 120.53
Sat Mar  7 16:37:48 2020,11.93, -12.13, 120.53
Sat Mar  7 16:37:48 2020,11.94, -12.11, 120.52
Sat Mar  7 16:37:48 2020,11.96, -12.07, 120.52
Sat Mar  7 16:37:48 2020,11.94, -12.10, 120.53
Sat Mar  7 16:37:48 2020,11.93, -12.03, 120.53
Sat Mar  7 16:37:48 2020,11.94, -12.06, 120.53
Sat Mar  7 16:37:48 2020,11.95, -12.07, 120.52
Sat Mar  7 16:37:48 2020,11.95, -12.09, 120.51
Sat Mar  7 16:37:48 2020,11.97, -12.13, 120.51
Sat Mar  7 16:37:48 2020,11.98, -12.17, 120.50
Sat Mar  7 16:37:48 2020,12.28, -12.47, 120.57
Sat Mar  7 16:37:49 2020,12.65, -11.86, 120.64
Sat Mar  7 16:37:49 2020,12.87, -11.96, 120.57
Sat Mar  7 16:37:49 2020,12.83, -11.97, 120.58
Sat Mar  7 16:37:49 2020,12.83, -11.88, 120.85
Sat Mar  7 16:37:49 2020,12.74, -12.35, 120.87
Sat Mar  7 16:37:49 2020,12.67, -12.24, 120.88
Sat Mar  7 16:37:49 2020,12.64, -12.15, 120.89
Sat Mar  7 16:37:49 2020,12.61, -12.18, 120.88
Sat Mar  7 16:37:49 2020,12.68, -12.29, 120.85
Sat Mar  7 16:37:49 2020,12.73, -12.17, 120.91
Sat Mar  7 16:37:49 2020,12.83, -12.16, 120.91
Sat Mar  7 16:37:49 2020,12.84, -12.17, 120.92
Sat Mar  7 16:37:49 2020,12.80, -12.09, 120.94
Sat Mar  7 16:37:49 2020,12.75, -11.98, 120.93
Sat Mar  7 16:37:49 2020,12.77, -11.81, 120.95
Sat Mar  7 16:37:49 2020,12.69, -11.84, 120.97
Sat Mar  7 16:37:49 2020,12.69, -11.94, 120.95
Sat Mar  7 16:37:49 2020,12.72, -12.54, 120.79
Sat Mar  7 16:37:49 2020,12.69, -13.85, 120.16
Sat Mar  7 16:37:49 2020,12.39, -15.17, 121.04
Sat Mar  7 16:37:49 2020,10.24, -18.57, 124.43
Sat Mar  7 16:37:49 2020,11.11, -24.61, 125.03
Sat Mar  7 16:37:49 2020,13.66, -32.32, 122.96
Sat Mar  7 16:37:49 2020,16.70, -43.11, 119.27
Sat Mar  7 16:37:49 2020,17.51, -56.77, 113.32
Sat Mar  7 16:37:49 2020,18.96, -75.04, 110.68
Sat Mar  7 16:37:49 2020,19.04, -96.75, 107.44
Sat Mar  7 16:37:49 2020,16.41, -117.48, 104.78
Sat Mar  7 16:37:49 2020,12.39, -140.54, 104.14
Sat Mar  7 16:37:49 2020,8.54, -161.40, 107.67
Sat Mar  7 16:37:49 2020,6.31, 177.69, 112.02
Sat Mar  7 16:37:49 2020,6.24, 161.81, 116.17
Sat Mar  7 16:37:49 2020,7.92, 152.67, 120.82
Sat Mar  7 16:37:49 2020,10.35, 143.98, 124.96
Sat Mar  7 16:37:49 2020,12.15, 138.67, 129.10
Sat Mar  7 16:37:49 2020,11.98, 141.94, 132.88
Sat Mar  7 16:37:49 2020,7.84, 150.78, 136.52
Sat Mar  7 16:37:49 2020,3.87, 167.08, 137.58
Sat Mar  7 16:37:49 2020,0.50, -167.73, 138.68
Sat Mar  7 16:37:49 2020,-3.67, -137.21, 139.83
Sat Mar  7 16:37:49 2020,-9.83, -108.07, 138.18
Sat Mar  7 16:37:49 2020,-12.13, -88.28, 134.62
Sat Mar  7 16:37:50 2020,-13.12, -69.79, 130.37
Sat Mar  7 16:37:50 2020,-13.86, -52.43, 125.36
Sat Mar  7 16:37:50 2020,-14.63, -34.49, 119.16
Sat Mar  7 16:37:50 2020,-14.64, -21.70, 114.28
Sat Mar  7 16:37:50 2020,-15.92, -12.37, 111.21
Sat Mar  7 16:37:50 2020,-16.48, -6.29, 108.18
Sat Mar  7 16:37:50 2020,-17.56, -3.43, 104.54
Sat Mar  7 16:37:50 2020,-19.92, 0.54, 100.09
Sat Mar  7 16:37:50 2020,-22.26, 4.28, 97.09
Sat Mar  7 16:37:50 2020,-25.12, 9.49, 93.76
Sat Mar  7 16:37:50 2020,-27.53, 13.60, 89.33
Sat Mar  7 16:37:50 2020,-28.93, 17.46, 84.41
Sat Mar  7 16:37:50 2020,-30.75, 19.13, 78.45
Sat Mar  7 16:37:50 2020,-34.78, 21.83, 71.29
Sat Mar  7 16:37:50 2020,-38.02, 25.87, 66.14
Sat Mar  7 16:37:50 2020,-39.69, 30.15, 61.28
Sat Mar  7 16:37:50 2020,-41.72, 32.73, 55.02
Sat Mar  7 16:37:50 2020,-44.78, 36.01, 43.23
Sat Mar  7 16:37:50 2020,-49.34, 43.52, 22.63
Sat Mar  7 16:37:50 2020,-51.25, 52.27, 359.05
Sat Mar  7 16:37:50 2020,-50.55, 59.47, 338.30
Sat Mar  7 16:37:50 2020,-48.24, 65.31, 324.09
Sat Mar  7 16:37:50 2020,-44.44, 62.84, 319.19
Sat Mar  7 16:37:50 2020,-42.45, 58.13, 318.89
Sat Mar  7 16:37:50 2020,-40.99, 54.52, 323.38
Sat Mar  7 16:37:50 2020,-38.34, 44.18, 336.21
Sat Mar  7 16:37:50 2020,-32.84, 28.72, 351.58
Sat Mar  7 16:37:50 2020,-21.18, 11.75, 5.96
Sat Mar  7 16:37:50 2020,-8.85, -1.02, 13.48
Sat Mar  7 16:37:50 2020,1.99, -12.45, 15.32
Sat Mar  7 16:37:50 2020,7.17, -24.48, 12.91
Sat Mar  7 16:37:50 2020,5.63, -33.92, 10.63
Sat Mar  7 16:37:50 2020,0.70, -40.30, 9.04
Sat Mar  7 16:37:50 2020,-7.33, -48.24, 8.20
Sat Mar  7 16:37:50 2020,-16.85, -63.92, 9.69
Sat Mar  7 16:37:50 2020,-27.10, -89.93, 14.51
Sat Mar  7 16:37:50 2020,-33.61, -115.55, 22.57
Sat Mar  7 16:37:50 2020,-34.68, -125.98, 23.80
Sat Mar  7 16:37:50 2020,-35.84, -125.93, 22.58
Sat Mar  7 16:37:50 2020,-42.23, -121.08, 13.02
Sat Mar  7 16:37:50 2020,-49.21, -108.18, 354.78
Sat Mar  7 16:37:50 2020,-52.04, -80.78, 332.89
Sat Mar  7 16:37:50 2020,-46.27, -48.79, 317.85
Sat Mar  7 16:37:51 2020,-36.62, -22.42, 316.21
Sat Mar  7 16:37:51 2020,-31.09, 5.43, 320.36
Sat Mar  7 16:37:51 2020,-30.40, 36.04, 322.62
Sat Mar  7 16:37:51 2020,-29.72, 68.96, 320.39
Sat Mar  7 16:37:51 2020,-25.61, 101.62, 316.14
Sat Mar  7 16:37:51 2020,-19.71, 133.15, 314.87
Sat Mar  7 16:37:51 2020,-15.84, 157.55, 318.09
Sat Mar  7 16:37:51 2020,-13.55, 171.47, 323.84
Sat Mar  7 16:37:51 2020,-13.13, 169.16, 327.97
Sat Mar  7 16:37:51 2020,-10.95, 163.92, 330.56
Sat Mar  7 16:37:51 2020,-7.74, 164.53, 330.63
Sat Mar  7 16:37:51 2020,-5.46, 163.36, 328.82
Sat Mar  7 16:37:51 2020,-4.79, 155.21, 326.55
Sat Mar  7 16:37:51 2020,-5.17, 143.36, 324.81
Sat Mar  7 16:37:51 2020,-6.20, 139.09, 322.76
Sat Mar  7 16:37:51 2020,-7.38, 139.75, 321.13
Sat Mar  7 16:37:51 2020,-8.99, 142.26, 320.38
Sat Mar  7 16:37:51 2020,-10.39, 146.49, 319.86
Sat Mar  7 16:37:51 2020,-12.24, 151.85, 319.61
Sat Mar  7 16:37:51 2020,-13.51, 154.94, 320.04
Sat Mar  7 16:37:51 2020,-13.33, 159.02, 321.36
Sat Mar  7 16:37:51 2020,-10.77, 162.16, 326.93
Sat Mar  7 16:37:51 2020,-5.36, 162.74, 337.25
Sat Mar  7 16:37:51 2020,1.40, 162.00, 346.99
Sat Mar  7 16:37:51 2020,6.66, 157.57, 354.19
Sat Mar  7 16:37:51 2020,8.17, 152.38, 356.80
Sat Mar  7 16:37:51 2020,8.51, 149.56, 355.28
Sat Mar  7 16:37:51 2020,7.83, 147.57, 350.70
Sat Mar  7 16:37:51 2020,4.87, 142.67, 345.87
Sat Mar  7 16:37:51 2020,0.98, 135.63, 342.28
Sat Mar  7 16:37:51 2020,-0.02, 126.32, 342.03
Sat Mar  7 16:37:51 2020,1.91, 113.07, 343.32
Sat Mar  7 16:37:51 2020,6.86, 100.34, 343.29
Sat Mar  7 16:37:51 2020,13.41, 86.84, 339.64
Sat Mar  7 16:37:51 2020,19.99, 70.73, 331.87
Sat Mar  7 16:37:51 2020,25.40, 50.18, 324.10
Sat Mar  7 16:37:51 2020,32.04, 27.13, 317.88
Sat Mar  7 16:37:51 2020,37.62, 5.12, 312.30
Sat Mar  7 16:37:51 2020,43.83, -13.38, 307.31
Sat Mar  7 16:37:51 2020,51.82, -39.55, 295.27
Sat Mar  7 16:37:51 2020,57.15, -69.57, 275.91
Sat Mar  7 16:37:51 2020,58.67, -88.62, 261.11
Sat Mar  7 16:37:52 2020,59.51, -91.53, 260.03
Sat Mar  7 16:37:52 2020,59.59, -76.85, 271.63
Sat Mar  7 16:37:52 2020,55.63, -57.27, 286.58
Sat Mar  7 16:37:52 2020,50.60, -39.90, 295.90
Sat Mar  7 16:37:52 2020,52.18, -23.53, 300.53
Sat Mar  7 16:37:52 2020,56.96, 0.48, 310.00
Sat Mar  7 16:37:52 2020,61.46, 36.99, 331.14
Sat Mar  7 16:37:52 2020,55.70, 79.60, 0.38
Sat Mar  7 16:37:52 2020,45.99, 103.10, 16.13
Sat Mar  7 16:37:52 2020,38.02, 119.09, 23.48
Sat Mar  7 16:37:52 2020,36.69, 132.98, 26.09
Sat Mar  7 16:37:52 2020,43.08, 152.82, 31.97
Sat Mar  7 16:37:52 2020,49.26, 174.93, 44.69
Sat Mar  7 16:37:52 2020,52.00, -156.22, 65.71
Sat Mar  7 16:37:52 2020,47.71, -123.71, 81.28
Sat Mar  7 16:37:52 2020,46.22, -98.14, 82.10
Sat Mar  7 16:37:52 2020,50.93, -94.10, 80.39
Sat Mar  7 16:37:52 2020,59.97, -105.41, 80.87
Sat Mar  7 16:37:52 2020,69.92, -126.67, 73.20
Sat Mar  7 16:37:52 2020,76.69, -159.58, 42.71
Sat Mar  7 16:37:52 2020,77.50, 172.34, 14.14
Sat Mar  7 16:37:52 2020,76.89, 168.28, 15.40
Sat Mar  7 16:37:52 2020,77.63, -162.15, 49.42
Sat Mar  7 16:37:52 2020,70.22, -121.18, 90.12
Sat Mar  7 16:37:52 2020,56.50, -103.93, 105.26
Sat Mar  7 16:37:52 2020,44.44, -90.45, 106.91
Sat Mar  7 16:37:52 2020,42.49, -70.76, 106.16
Sat Mar  7 16:37:52 2020,52.60, -72.52, 108.19
Sat Mar  7 16:37:52 2020,64.10, -73.91, 121.07
Sat Mar  7 16:37:52 2020,77.87, -88.02, 125.33
Sat Mar  7 16:37:52 2020,84.72, 148.86, 20.21
Sat Mar  7 16:37:52 2020,74.68, 109.85, 0.02
Sat Mar  7 16:37:52 2020,70.63, 101.74, 12.42
Sat Mar  7 16:37:52 2020,74.70, 78.56, 0.64
Sat Mar  7 16:37:52 2020,77.50, 38.00, 317.99
Sat Mar  7 16:37:52 2020,71.54, -8.79, 265.29
Sat Mar  7 16:37:52 2020,61.34, -23.87, 244.05
Sat Mar  7 16:37:52 2020,51.41, -26.42, 232.44
Sat Mar  7 16:37:52 2020,44.93, -10.40, 234.44
Sat Mar  7 16:37:52 2020,51.09, 1.60, 245.23
Sat Mar  7 16:37:52 2020,53.92, 9.71, 261.83
Sat Mar  7 16:37:52 2020,55.76, 15.06, 281.57
Sat Mar  7 16:37:52 2020,58.64, 18.65, 301.23
Sat Mar  7 16:37:53 2020,61.83, 18.58, 316.57
Sat Mar  7 16:37:53 2020,61.83, 11.77, 317.92
Sat Mar  7 16:37:53 2020,55.95, 3.08, 308.11
Sat Mar  7 16:37:53 2020,46.62, -2.62, 296.72
Sat Mar  7 16:37:53 2020,34.28, -6.22, 286.03
Sat Mar  7 16:37:53 2020,24.56, -4.51, 277.98
Sat Mar  7 16:37:53 2020,23.06, 15.40, 275.26
Sat Mar  7 16:37:53 2020,27.56, 22.14, 282.67
Sat Mar  7 16:37:53 2020,30.77, 21.06, 294.77
Sat Mar  7 16:37:53 2020,36.02, 17.05, 307.21
Sat Mar  7 16:37:53 2020,42.67, 13.28, 318.78
Sat Mar  7 16:37:53 2020,48.19, 10.04, 326.04
Sat Mar  7 16:37:53 2020,48.99, 5.54, 325.72
Sat Mar  7 16:37:53 2020,42.29, 1.70, 318.85
Sat Mar  7 16:37:53 2020,31.95, -0.98, 310.47
Sat Mar  7 16:37:53 2020,20.69, -3.46, 301.98
Sat Mar  7 16:37:53 2020,10.10, 0.76, 294.40
Sat Mar  7 16:37:53 2020,8.61, 16.89, 292.35
Sat Mar  7 16:37:53 2020,9.21, 22.72, 294.55
Sat Mar  7 16:37:53 2020,11.04, 20.54, 303.47
Sat Mar  7 16:37:53 2020,15.28, 14.11, 314.65
Sat Mar  7 16:37:53 2020,22.27, 7.23, 325.01
Sat Mar  7 16:37:53 2020,30.20, 3.17, 332.98
Sat Mar  7 16:37:53 2020,36.17, 2.52, 337.50
Sat Mar  7 16:37:53 2020,33.67, -0.29, 335.24
Sat Mar  7 16:37:53 2020,26.92, -1.99, 329.37
Sat Mar  7 16:37:53 2020,17.57, -2.44, 322.11
Sat Mar  7 16:37:53 2020,6.85, -1.66, 313.54
Sat Mar  7 16:37:53 2020,-0.97, 5.17, 306.87
Sat Mar  7 16:37:53 2020,-6.13, 21.14, 305.10
Sat Mar  7 16:37:53 2020,-1.87, 22.83, 313.41
Sat Mar  7 16:37:53 2020,1.60, 16.46, 323.09
Sat Mar  7 16:37:53 2020,8.36, 7.74, 332.83
Sat Mar  7 16:37:53 2020,15.82, 1.07, 339.33
Sat Mar  7 16:37:53 2020,22.10, -1.65, 344.07
Sat Mar  7 16:37:53 2020,23.14, -2.78, 344.45
Sat Mar  7 16:37:53 2020,18.15, -2.88, 340.50
Sat Mar  7 16:37:53 2020,9.68, -2.94, 333.84
Sat Mar  7 16:37:53 2020,1.10, -1.41, 327.00
Sat Mar  7 16:37:53 2020,-5.33, 5.79, 320.68
Sat Mar  7 16:37:53 2020,-5.76, 18.31, 319.05
Sat Mar  7 16:37:53 2020,-2.78, 19.02, 323.33
Sat Mar  7 16:37:53 2020,0.81, 10.97, 331.40
Sat Mar  7 16:37:53 2020,5.88, 4.08, 338.98
Sat Mar  7 16:37:54 2020,10.57, -0.07, 344.76
Sat Mar  7 16:37:54 2020,13.55, 1.86, 349.18
Sat Mar  7 16:37:54 2020,14.84, 8.65, 352.18
Sat Mar  7 16:37:54 2020,11.68, 15.69, 350.96
Sat Mar  7 16:37:54 2020,8.50, 20.47, 347.35
Sat Mar  7 16:37:54 2020,6.18, 22.24, 342.80
Sat Mar  7 16:37:54 2020,4.83, 22.59, 339.80
Sat Mar  7 16:37:54 2020,3.66, 23.57, 338.47
Sat Mar  7 16:37:54 2020,3.08, 24.20, 338.35
Sat Mar  7 16:37:54 2020,3.10, 23.20, 338.60
Sat Mar  7 16:37:54 2020,2.98, 22.76, 339.40
Sat Mar  7 16:37:54 2020,2.60, 22.92, 340.03
Sat Mar  7 16:37:54 2020,2.20, 23.06, 340.27
Sat Mar  7 16:37:54 2020,1.95, 23.32, 340.39
Sat Mar  7 16:37:54 2020,1.83, 23.72, 340.43
Sat Mar  7 16:37:54 2020,1.59, 24.56, 340.27
Sat Mar  7 16:37:54 2020,1.28, 25.71, 340.05
Sat Mar  7 16:37:54 2020,0.56, 26.97, 339.57
Sat Mar  7 16:37:54 2020,-0.33, 27.61, 338.73
Sat Mar  7 16:37:54 2020,-0.70, 26.90, 337.54
Sat Mar  7 16:37:54 2020,-0.66, 26.45, 337.35
Sat Mar  7 16:37:54 2020,0.95, 25.19, 338.24
Sat Mar  7 16:37:54 2020,7.04, 21.81, 340.78
Sat Mar  7 16:37:54 2020,15.30, 17.49, 343.53
Sat Mar  7 16:37:54 2020,25.93, 11.97, 346.90
Sat Mar  7 16:37:54 2020,39.13, -2.10, 346.98
Sat Mar  7 16:37:54 2020,52.69, -19.35, 341.84
Sat Mar  7 16:37:54 2020,61.52, -34.26, 334.08
Sat Mar  7 16:37:54 2020,68.15, -59.11, 319.38
Sat Mar  7 16:37:54 2020,72.70, -81.74, 306.62
Sat Mar  7 16:37:54 2020,74.30, -102.21, 299.24
Sat Mar  7 16:37:54 2020,74.57, -120.23, 291.43
Sat Mar  7 16:37:54 2020,74.44, -126.81, 288.34
Sat Mar  7 16:37:54 2020,74.22, -127.25, 288.06
Sat Mar  7 16:37:54 2020,73.61, -129.67, 286.44
Sat Mar  7 16:37:54 2020,71.65, -134.32, 284.22
Sat Mar  7 16:37:54 2020,69.92, -134.48, 284.53
Sat Mar  7 16:37:54 2020,67.99, -132.80, 285.99
Sat Mar  7 16:37:54 2020,66.45, -130.74, 287.42
Sat Mar  7 16:37:54 2020,65.45, -128.84, 288.58
Sat Mar  7 16:37:54 2020,64.31, -128.46, 289.01
Sat Mar  7 16:37:54 2020,63.74, -127.33, 289.05
Sat Mar  7 16:37:54 2020,63.23, -126.96, 289.06
Sat Mar  7 16:37:55 2020,62.72, -127.10, 288.98
Sat Mar  7 16:37:55 2020,62.13, -127.51, 288.81
Sat Mar  7 16:37:55 2020,61.64, -127.57, 288.54
Sat Mar  7 16:37:55 2020,61.26, -127.34, 288.22
Sat Mar  7 16:37:55 2020,61.05, -127.15, 287.88
Sat Mar  7 16:37:55 2020,61.07, -127.01, 287.50
Sat Mar  7 16:37:55 2020,61.07, -127.43, 287.19
Sat Mar  7 16:37:55 2020,61.07, -127.52, 286.86
Sat Mar  7 16:37:55 2020,60.87, -128.09, 286.36
Sat Mar  7 16:37:55 2020,60.49, -129.24, 285.34
Sat Mar  7 16:37:55 2020,60.18, -129.66, 284.99
Sat Mar  7 16:37:55 2020,59.79, -130.03, 284.87
Sat Mar  7 16:37:55 2020,59.49, -130.24, 284.82
Sat Mar  7 16:37:55 2020,59.54, -129.85, 284.71
Sat Mar  7 16:37:55 2020,59.54, -129.56, 284.38
Sat Mar  7 16:37:55 2020,59.79, -128.66, 284.54
Sat Mar  7 16:37:55 2020,59.67, -128.80, 283.79
Sat Mar  7 16:37:55 2020,59.43, -129.28, 283.32
Sat Mar  7 16:37:55 2020,59.43, -129.20, 283.33
Sat Mar  7 16:37:55 2020,59.42, -129.09, 282.96
Sat Mar  7 16:37:55 2020,59.73, -127.72, 282.86
Sat Mar  7 16:37:55 2020,59.54, -128.02, 282.12
Sat Mar  7 16:37:55 2020,59.68, -127.79, 281.87
Sat Mar  7 16:37:55 2020,59.83, -127.53, 281.61
Sat Mar  7 16:37:55 2020,59.78, -127.85, 281.34
Sat Mar  7 16:37:55 2020,59.95, -127.42, 281.22
Sat Mar  7 16:37:55 2020,60.10, -126.73, 281.03
Sat Mar  7 16:37:55 2020,60.03, -126.80, 280.57
Sat Mar  7 16:37:55 2020,60.02, -126.77, 280.25
Sat Mar  7 16:37:55 2020,60.09, -126.58, 280.12
Sat Mar  7 16:37:55 2020,60.14, -126.57, 279.84
Sat Mar  7 16:37:55 2020,60.30, -126.07, 279.21
Sat Mar  7 16:37:55 2020,60.38, -125.34, 278.88
Sat Mar  7 16:37:55 2020,60.53, -124.14, 278.88
Sat Mar  7 16:37:55 2020,60.70, -122.54, 279.11
Sat Mar  7 16:37:55 2020,60.81, -121.32, 279.36
Sat Mar  7 16:37:55 2020,61.03, -120.06, 279.47
Sat Mar  7 16:37:55 2020,61.12, -119.42, 279.33
Sat Mar  7 16:37:55 2020,61.19, -119.32, 278.91
Sat Mar  7 16:37:55 2020,61.38, -118.70, 278.74
Sat Mar  7 16:37:56 2020,61.41, -118.33, 278.42
Sat Mar  7 16:37:56 2020,61.44, -118.04, 278.20
Sat Mar  7 16:37:56 2020,61.42, -117.73, 277.85
Sat Mar  7 16:37:56 2020,61.48, -116.88, 277.59
Sat Mar  7 16:37:56 2020,61.32, -116.62, 277.18
Sat Mar  7 16:37:56 2020,61.28, -116.09, 277.27
Sat Mar  7 16:37:56 2020,61.28, -115.77, 277.20
Sat Mar  7 16:37:56 2020,61.26, -115.83, 276.83
Sat Mar  7 16:37:56 2020,61.26, -115.71, 276.70
Sat Mar  7 16:37:56 2020,61.27, -115.61, 276.59
Sat Mar  7 16:37:56 2020,61.36, -115.25, 276.50
Sat Mar  7 16:37:56 2020,61.44, -115.17, 276.15
Sat Mar  7 16:37:56 2020,61.58, -115.05, 275.63
Sat Mar  7 16:37:56 2020,61.65, -115.06, 275.25
Sat Mar  7 16:37:56 2020,61.71, -114.96, 275.04
Sat Mar  7 16:37:56 2020,61.91, -114.41, 274.86
Sat Mar  7 16:37:56 2020,61.96, -114.07, 274.59
Sat Mar  7 16:37:56 2020,62.12, -113.50, 274.48
Sat Mar  7 16:37:56 2020,62.15, -113.75, 273.91
Sat Mar  7 16:37:56 2020,62.35, -113.53, 273.63
Sat Mar  7 16:37:56 2020,62.58, -113.22, 273.30
Sat Mar  7 16:37:56 2020,63.06, -111.71, 273.74
Sat Mar  7 16:37:56 2020,63.21, -111.71, 273.30
Sat Mar  7 16:37:56 2020,63.30, -111.69, 272.84
Sat Mar  7 16:37:56 2020,63.34, -111.81, 272.48
Sat Mar  7 16:37:56 2020,63.32, -112.22, 272.08
Sat Mar  7 16:37:56 2020,63.37, -112.33, 271.80
Sat Mar  7 16:37:56 2020,63.40, -112.50, 271.48
Sat Mar  7 16:37:56 2020,63.45, -112.62, 271.14
Sat Mar  7 16:37:56 2020,63.45, -112.75, 270.89
Sat Mar  7 16:37:56 2020,63.51, -112.70, 270.73
Sat Mar  7 16:37:56 2020,63.52, -112.88, 270.34
Sat Mar  7 16:37:56 2020,63.57, -112.86, 270.07
Sat Mar  7 16:37:56 2020,63.61, -113.22, 269.52
Sat Mar  7 16:37:56 2020,63.63, -113.56, 269.13
Sat Mar  7 16:37:56 2020,63.71, -113.79, 268.74
Sat Mar  7 16:37:56 2020,63.76, -113.86, 268.58
Sat Mar  7 16:37:56 2020,63.81, -114.01, 268.29
Sat Mar  7 16:37:56 2020,63.87, -114.21, 267.95
Sat Mar  7 16:37:56 2020,64.01, -114.53, 267.48
Sat Mar  7 16:37:57 2020,63.99, -115.40, 266.73
Sat Mar  7 16:37:57 2020,64.01, -115.63, 266.38
Sat Mar  7 16:37:57 2020,64.06, -115.57, 266.12
Sat Mar  7 16:37:57 2020,64.21, -115.24, 266.07
Sat Mar  7 16:37:57 2020,64.21, -115.66, 265.55
Sat Mar  7 16:37:57 2020,64.23, -115.83, 265.19
Sat Mar  7 16:37:57 2020,64.24, -116.13, 264.81
Sat Mar  7 16:37:57 2020,64.37, -116.33, 264.52
Sat Mar  7 16:37:57 2020,64.44, -116.76, 264.03
Sat Mar  7 16:37:57 2020,64.49, -117.11, 263.61
Sat Mar  7 16:37:57 2020,64.51, -117.40, 263.31
Sat Mar  7 16:37:57 2020,64.59, -117.37, 263.20
Sat Mar  7 16:37:57 2020,64.69, -117.35, 263.09
Sat Mar  7 16:37:57 2020,64.79, -117.47, 262.72
Sat Mar  7 16:37:57 2020,64.83, -117.85, 262.21
Sat Mar  7 16:37:57 2020,64.89, -118.14, 261.85
Sat Mar  7 16:37:57 2020,64.97, -118.20, 261.58
Sat Mar  7 16:37:57 2020,65.00, -118.36, 261.24
Sat Mar  7 16:37:57 2020,65.07, -118.28, 261.02
Sat Mar  7 16:37:57 2020,65.11, -118.61, 260.56
Sat Mar  7 16:37:57 2020,65.11, -118.94, 260.11
Sat Mar  7 16:37:57 2020,65.15, -119.14, 259.85
Sat Mar  7 16:37:57 2020,65.19, -119.39, 259.52
Sat Mar  7 16:37:57 2020,65.18, -119.73, 259.01
Sat Mar  7 16:37:57 2020,65.23, -119.80, 258.74
Sat Mar  7 16:37:57 2020,65.36, -119.65, 258.71
Sat Mar  7 16:37:57 2020,65.34, -120.21, 258.19
Sat Mar  7 16:37:57 2020,65.37, -120.29, 257.98
Sat Mar  7 16:37:57 2020,65.47, -120.25, 257.85
Sat Mar  7 16:37:57 2020,65.56, -120.38, 257.62
Sat Mar  7 16:37:57 2020,65.55, -120.79, 257.22
Sat Mar  7 16:37:57 2020,65.56, -121.10, 256.70
Sat Mar  7 16:37:57 2020,65.56, -121.38, 256.36
Sat Mar  7 16:37:57 2020,65.65, -121.38, 256.30
Sat Mar  7 16:37:57 2020,65.75, -121.37, 256.21
Sat Mar  7 16:37:57 2020,65.81, -121.30, 256.00
Sat Mar  7 16:37:57 2020,66.07, -118.93, 257.32
Sat Mar  7 16:37:57 2020,66.31, -109.19, 263.97
Sat Mar  7 16:37:57 2020,69.10, -61.97, 300.58
Sat Mar  7 16:37:57 2020,47.25, -0.31, 332.97
Sat Mar  7 16:37:58 2020,20.07, 25.07, 325.88
Sat Mar  7 16:37:58 2020,5.78, 35.85, 319.71
Sat Mar  7 16:37:58 2020,-1.37, 43.49, 314.53
Sat Mar  7 16:37:58 2020,-9.15, 48.18, 310.74
Sat Mar  7 16:37:58 2020,-10.43, 49.33, 316.28
Sat Mar  7 16:37:58 2020,-6.95, 39.55, 323.09
Sat Mar  7 16:37:58 2020,3.55, 23.52, 328.94
Sat Mar  7 16:37:58 2020,14.52, 7.06, 329.27
Sat Mar  7 16:37:58 2020,24.65, -15.50, 325.31
Sat Mar  7 16:37:58 2020,30.91, -47.34, 315.27
Sat Mar  7 16:37:58 2020,30.82, -83.37, 302.98
Sat Mar  7 16:37:58 2020,27.45, -111.72, 297.94
Sat Mar  7 16:37:58 2020,24.10, -129.31, 297.39
Sat Mar  7 16:37:58 2020,22.10, -138.78, 297.08
Sat Mar  7 16:37:58 2020,24.26, -136.07, 297.91
Sat Mar  7 16:37:58 2020,26.55, -129.01, 299.47
Sat Mar  7 16:37:58 2020,27.37, -121.90, 299.37
Sat Mar  7 16:37:58 2020,27.72, -117.36, 299.02
Sat Mar  7 16:37:58 2020,27.53, -117.53, 298.48
Sat Mar  7 16:37:58 2020,27.45, -118.50, 297.93
Sat Mar  7 16:37:58 2020,27.09, -120.97, 297.05
Sat Mar  7 16:37:58 2020,26.97, -123.17, 296.26
Sat Mar  7 16:37:58 2020,26.93, -124.08, 295.54
Sat Mar  7 16:37:58 2020,26.31, -126.08, 294.28
Sat Mar  7 16:37:58 2020,25.76, -127.56, 293.20
Sat Mar  7 16:37:58 2020,25.28, -127.37, 291.83
Sat Mar  7 16:37:58 2020,25.06, -124.39, 290.15
Sat Mar  7 16:37:58 2020,24.37, -122.42, 288.63
Sat Mar  7 16:37:58 2020,23.80, -121.32, 287.63
Sat Mar  7 16:37:58 2020,22.84, -123.34, 286.52
Sat Mar  7 16:37:58 2020,22.19, -125.34, 286.11
Sat Mar  7 16:37:58 2020,22.00, -125.73, 285.98
Sat Mar  7 16:37:58 2020,21.97, -125.61, 285.83
Sat Mar  7 16:37:58 2020,22.12, -125.21, 285.53
Sat Mar  7 16:37:58 2020,22.11, -125.33, 284.94
Sat Mar  7 16:37:58 2020,22.04, -125.63, 284.13
Sat Mar  7 16:37:58 2020,21.99, -125.77, 283.06
Sat Mar  7 16:37:58 2020,21.96, -125.34, 281.99
Sat Mar  7 16:37:58 2020,22.20, -118.10, 283.06
Sat Mar  7 16:37:58 2020,19.93, -84.29, 292.03
Sat Mar  7 16:37:58 2020,2.63, -29.29, 304.34
Sat Mar  7 16:37:59 2020,-18.82, 19.30, 296.25
Sat Mar  7 16:37:59 2020,-22.30, 45.08, 283.75
Sat Mar  7 16:37:59 2020,-19.30, 22.04, 282.91
Sat Mar  7 16:37:59 2020,-26.93, 12.73, 289.77
Sat Mar  7 16:37:59 2020,-23.42, -10.68, 301.35
Sat Mar  7 16:37:59 2020,-5.55, -38.69, 302.52
Sat Mar  7 16:37:59 2020,-1.12, -66.59, 298.73
Sat Mar  7 16:37:59 2020,-6.83, -94.11, 301.37
Sat Mar  7 16:37:59 2020,-9.01, -115.10, 311.59
Sat Mar  7 16:37:59 2020,-9.83, -143.55, 319.35
Sat Mar  7 16:37:59 2020,-14.19, -171.84, 324.72
Sat Mar  7 16:37:59 2020,-30.46, 165.21, 333.10
Sat Mar  7 16:37:59 2020,-37.94, 144.83, 343.72
Sat Mar  7 16:37:59 2020,-41.35, 134.81, 353.82
Sat Mar  7 16:37:59 2020,-38.13, 145.93, 355.39
Sat Mar  7 16:37:59 2020,-31.09, 179.77, 354.69
Sat Mar  7 16:37:59 2020,-20.91, -132.98, 4.91
Sat Mar  7 16:37:59 2020,-21.20, -87.31, 18.71
Sat Mar  7 16:37:59 2020,-25.44, -45.69, 23.78
Sat Mar  7 16:37:59 2020,-22.80, -25.27, 19.20
Sat Mar  7 16:37:59 2020,-16.14, -21.30, 16.85
Sat Mar  7 16:37:59 2020,-7.08, -25.80, 16.73
Sat Mar  7 16:37:59 2020,-0.03, -28.63, 16.68
Sat Mar  7 16:37:59 2020,8.51, -41.71, 15.15
Sat Mar  7 16:37:59 2020,17.94, -68.97, 9.23
Sat Mar  7 16:37:59 2020,22.50, -107.49, 355.08
Sat Mar  7 16:37:59 2020,13.39, -154.97, 337.90
Sat Mar  7 16:37:59 2020,-2.06, 161.02, 335.18
Sat Mar  7 16:37:59 2020,-8.08, 120.16, 342.89
Sat Mar  7 16:37:59 2020,-3.39, 88.58, 338.61
Sat Mar  7 16:37:59 2020,-4.42, 75.67, 330.78
Sat Mar  7 16:37:59 2020,-13.98, 82.65, 325.64
Sat Mar  7 16:37:59 2020,-26.43, 92.90, 313.13
Sat Mar  7 16:37:59 2020,-42.23, 105.88, 295.77
Sat Mar  7 16:37:59 2020,-65.06, 127.24, 278.97
Sat Mar  7 16:37:59 2020,-62.34, -170.16, 226.61
Sat Mar  7 16:37:59 2020,-37.64, -128.63, 202.31
Sat Mar  7 16:37:59 2020,-5.71, -105.28, 202.04
Sat Mar  7 16:37:59 2020,15.87, -87.06, 199.06
Sat Mar  7 16:37:59 2020,35.37, -66.35, 194.54
Sat Mar  7 16:37:59 2020,52.07, -48.76, 195.70
Sat Mar  7 16:37:59 2020,62.83, -35.99, 197.95
Sat Mar  7 16:38:00 2020,68.29, -61.09, 176.87
Sat Mar  7 16:38:00 2020,56.63, -112.25, 151.31
Sat Mar  7 16:38:00 2020,41.01, -143.67, 149.34
Sat Mar  7 16:38:00 2020,32.41, -163.76, 158.73
Sat Mar  7 16:38:00 2020,31.96, 172.61, 169.68
Sat Mar  7 16:38:00 2020,33.98, 146.57, 180.58
Sat Mar  7 16:38:00 2020,33.38, 126.13, 198.53
Sat Mar  7 16:38:00 2020,30.32, 121.95, 216.77
Sat Mar  7 16:38:00 2020,30.28, 129.89, 226.84
Sat Mar  7 16:38:00 2020,28.06, 142.54, 239.54
Sat Mar  7 16:38:00 2020,26.14, 158.63, 248.68
Sat Mar  7 16:38:00 2020,25.65, -171.01, 256.97
Sat Mar  7 16:38:00 2020,24.95, -124.47, 267.12
Sat Mar  7 16:38:00 2020,17.74, -78.48, 274.81
Sat Mar  7 16:38:00 2020,9.50, -46.46, 269.32
Sat Mar  7 16:38:00 2020,4.23, -26.55, 262.20
Sat Mar  7 16:38:00 2020,3.74, -13.55, 256.30
Sat Mar  7 16:38:00 2020,8.58, -9.60, 252.38
Sat Mar  7 16:38:00 2020,14.37, -7.99, 251.18
Sat Mar  7 16:38:00 2020,21.45, -9.52, 250.40
Sat Mar  7 16:38:00 2020,26.86, -15.51, 249.92
Sat Mar  7 16:38:00 2020,35.84, -27.56, 248.28
Sat Mar  7 16:38:00 2020,45.82, -44.19, 243.69
Sat Mar  7 16:38:00 2020,53.94, -66.30, 236.65
Sat Mar  7 16:38:00 2020,59.44, -92.99, 234.26
Sat Mar  7 16:38:00 2020,66.57, -111.60, 243.12
Sat Mar  7 16:38:00 2020,71.16, -165.13, 226.47
Sat Mar  7 16:38:00 2020,67.19, 124.26, 195.10
Sat Mar  7 16:38:00 2020,56.34, 107.58, 205.37
Sat Mar  7 16:38:00 2020,52.01, 99.22, 205.90
Sat Mar  7 16:38:00 2020,52.79, 95.13, 196.49
Sat Mar  7 16:38:00 2020,55.65, 95.03, 191.79
Sat Mar  7 16:38:00 2020,59.61, 99.21, 183.45
Sat Mar  7 16:38:00 2020,64.49, 122.68, 178.21
Sat Mar  7 16:38:00 2020,76.43, 161.40, 168.90
Sat Mar  7 16:38:00 2020,82.45, -15.53, 315.09
Sat Mar  7 16:38:00 2020,69.99, 0.29, 313.39
Sat Mar  7 16:38:00 2020,64.13, -9.44, 310.45
Sat Mar  7 16:38:00 2020,63.54, -8.92, 313.80
Sat Mar  7 16:38:00 2020,66.54, -10.93, 314.66
Sat Mar  7 16:38:00 2020,75.36, -21.05, 310.50
Sat Mar  7 16:38:00 2020,87.29, -93.97, 242.95
Sat Mar  7 16:38:01 2020,74.27, 174.08, 153.26
Sat Mar  7 16:38:01 2020,71.72, 177.34, 148.92
Sat Mar  7 16:38:01 2020,80.72, -161.74, 162.93
Sat Mar  7 16:38:01 2020,79.47, -39.61, 285.58
Sat Mar  7 16:38:01 2020,59.78, -21.22, 306.39
Sat Mar  7 16:38:01 2020,49.01, -21.19, 310.52
Sat Mar  7 16:38:01 2020,63.81, -30.74, 306.12
Sat Mar  7 16:38:01 2020,82.66, -150.77, 187.89
Sat Mar  7 16:38:01 2020,63.49, 171.55, 152.49
Sat Mar  7 16:38:01 2020,70.31, 178.25, 154.26
Sat Mar  7 16:38:01 2020,84.53, -171.18, 170.29
Sat Mar  7 16:38:01 2020,71.90, -13.72, 331.80
Sat Mar  7 16:38:01 2020,55.60, -16.14, 333.07
Sat Mar  7 16:38:01 2020,70.70, -21.34, 326.57
Sat Mar  7 16:38:01 2020,82.90, -168.87, 178.91
Sat Mar  7 16:38:01 2020,71.33, 175.09, 159.24
Sat Mar  7 16:38:01 2020,82.65, -170.15, 172.32
Sat Mar  7 16:38:01 2020,79.71, -26.52, 320.78
Sat Mar  7 16:38:01 2020,58.87, -15.61, 333.74
Sat Mar  7 16:38:01 2020,60.04, -18.45, 332.83
Sat Mar  7 16:38:01 2020,79.69, -28.93, 321.93
Sat Mar  7 16:38:01 2020,76.39, -177.17, 170.66
Sat Mar  7 16:38:01 2020,83.89, -143.66, 197.17
Sat Mar  7 16:38:01 2020,77.37, -39.85, 304.31
Sat Mar  7 16:38:01 2020,59.94, -26.98, 322.68
Sat Mar  7 16:38:01 2020,44.28, -24.17, 327.99
Sat Mar  7 16:38:01 2020,53.55, -29.02, 321.45
Sat Mar  7 16:38:01 2020,74.86, -56.64, 290.01
Sat Mar  7 16:38:01 2020,78.46, -119.57, 223.28
Sat Mar  7 16:38:01 2020,78.32, -64.76, 276.21
Sat Mar  7 16:38:01 2020,67.48, -35.31, 311.00
Sat Mar  7 16:38:01 2020,53.51, -27.25, 325.55
Sat Mar  7 16:38:01 2020,38.59, -23.32, 332.45
Sat Mar  7 16:38:01 2020,47.47, -24.03, 328.95
Sat Mar  7 16:38:01 2020,68.16, -33.49, 316.75
Sat Mar  7 16:38:01 2020,80.84, -62.95, 282.08
Sat Mar  7 16:38:01 2020,76.90, -37.44, 304.18
Sat Mar  7 16:38:01 2020,67.70, -23.68, 318.47
Sat Mar  7 16:38:01 2020,53.59, -15.97, 327.28
Sat Mar  7 16:38:01 2020,45.07, -10.17, 330.79
Sat Mar  7 16:38:01 2020,44.56, -3.91, 332.70
Sat Mar  7 16:38:02 2020,44.22, 2.32, 334.53
Sat Mar  7 16:38:02 2020,45.20, 9.47, 336.56
Sat Mar  7 16:38:02 2020,45.75, 16.17, 337.98
Sat Mar  7 16:38:02 2020,44.58, 20.97, 337.88
Sat Mar  7 16:38:02 2020,42.50, 25.85, 336.69
Sat Mar  7 16:38:02 2020,39.45, 30.67, 333.67
Sat Mar  7 16:38:02 2020,35.46, 35.59, 329.29
Sat Mar  7 16:38:02 2020,30.47, 40.60, 324.18
Sat Mar  7 16:38:02 2020,23.62, 42.08, 317.79
Sat Mar  7 16:38:02 2020,15.89, 40.02, 312.03
Sat Mar  7 16:38:02 2020,8.85, 41.17, 311.12
Sat Mar  7 16:38:02 2020,3.91, 38.56, 309.42
Sat Mar  7 16:38:02 2020,-0.85, 38.58, 308.51
Sat Mar  7 16:38:02 2020,-7.46, 42.04, 307.26
Sat Mar  7 16:38:02 2020,-12.24, 44.79, 306.88
Sat Mar  7 16:38:02 2020,-17.53, 46.87, 306.63
Sat Mar  7 16:38:02 2020,-22.66, 48.65, 307.52
Sat Mar  7 16:38:02 2020,-24.48, 46.83, 310.71
Sat Mar  7 16:38:02 2020,-25.59, 45.64, 315.19
Sat Mar  7 16:38:02 2020,-27.45, 49.66, 315.58
Sat Mar  7 16:38:02 2020,-27.80, 58.32, 317.17
Sat Mar  7 16:38:02 2020,-26.42, 59.97, 317.44
Sat Mar  7 16:38:02 2020,-27.05, 62.04, 319.12
Sat Mar  7 16:38:02 2020,-28.11, 63.05, 321.69
Sat Mar  7 16:38:02 2020,-27.01, 62.35, 323.99
Sat Mar  7 16:38:02 2020,-25.76, 62.18, 326.79
Sat Mar  7 16:38:02 2020,-25.37, 62.76, 328.50
Sat Mar  7 16:38:02 2020,-25.32, 63.07, 329.85
Sat Mar  7 16:38:02 2020,-25.61, 61.74, 332.64
Sat Mar  7 16:38:02 2020,-25.72, 53.79, 333.30
Sat Mar  7 16:38:02 2020,-26.02, 53.80, 333.06
Sat Mar  7 16:38:02 2020,-25.93, 53.51, 333.78
Sat Mar  7 16:38:02 2020,-25.83, 53.22, 334.08
Sat Mar  7 16:38:02 2020,-25.69, 53.06, 334.40
Sat Mar  7 16:38:02 2020,-25.53, 52.85, 334.75
Sat Mar  7 16:38:02 2020,-25.43, 52.66, 335.07
Sat Mar  7 16:38:02 2020,-25.31, 52.48, 335.39
Sat Mar  7 16:38:02 2020,-25.18, 52.32, 335.71
Sat Mar  7 16:38:02 2020,-25.04, 52.16, 336.04
Sat Mar  7 16:38:02 2020,-24.90, 51.98, 336.36
Sat Mar  7 16:38:02 2020,-24.76, 51.80, 336.68
Sat Mar  7 16:38:02 2020,-24.63, 51.64, 336.98
Sat Mar  7 16:38:02 2020,-24.48, 51.46, 337.32
Sat Mar  7 16:38:03 2020,-24.34, 51.28, 337.61
Sat Mar  7 16:38:03 2020,-24.20, 51.11, 337.93
Sat Mar  7 16:38:03 2020,-24.04, 50.90, 338.25
Sat Mar  7 16:38:03 2020,-23.88, 50.69, 338.57
Sat Mar  7 16:38:03 2020,-23.70, 50.47, 338.90
Sat Mar  7 16:38:03 2020,-23.53, 50.26, 339.23
Sat Mar  7 16:38:03 2020,-23.40, 50.08, 339.52
Sat Mar  7 16:38:03 2020,-23.23, 49.88, 339.84
Sat Mar  7 16:38:03 2020,-23.08, 49.73, 340.12
Sat Mar  7 16:38:03 2020,-22.93, 49.55, 340.42
Sat Mar  7 16:38:03 2020,-22.79, 49.39, 340.72
Sat Mar  7 16:38:03 2020,-22.65, 49.25, 341.02
Sat Mar  7 16:38:03 2020,-22.51, 49.10, 341.33
Sat Mar  7 16:38:03 2020,-22.36, 48.92, 341.65
Sat Mar  7 16:38:03 2020,-22.23, 48.77, 341.94
Sat Mar  7 16:38:03 2020,-22.08, 48.60, 342.26
Sat Mar  7 16:38:03 2020,-21.94, 48.44, 342.56
Sat Mar  7 16:38:03 2020,-21.80, 48.30, 342.86
Sat Mar  7 16:38:03 2020,-21.66, 48.14, 343.16
Sat Mar  7 16:38:03 2020,-21.52, 47.98, 343.46
Sat Mar  7 16:38:03 2020,-21.37, 47.84, 343.76
Sat Mar  7 16:38:03 2020,-21.22, 47.68, 344.07
Sat Mar  7 16:38:03 2020,-21.09, 47.54, 344.35
Sat Mar  7 16:38:03 2020,-20.94, 47.39, 344.67
Sat Mar  7 16:38:03 2020,-20.80, 47.23, 344.96
Sat Mar  7 16:38:03 2020,-20.66, 47.08, 345.25
Sat Mar  7 16:38:03 2020,-20.51, 46.91, 345.55
Sat Mar  7 16:38:03 2020,-20.35, 46.74, 345.85
Sat Mar  7 16:38:03 2020,-20.19, 46.58, 346.15
Sat Mar  7 16:38:03 2020,-20.02, 46.40, 346.47
Sat Mar  7 16:38:03 2020,-19.87, 46.25, 346.76
Sat Mar  7 16:38:03 2020,-19.71, 46.08, 347.06
Sat Mar  7 16:38:03 2020,-19.57, 45.93, 347.34
Sat Mar  7 16:38:03 2020,-19.42, 45.78, 347.62
Sat Mar  7 16:38:03 2020,-19.27, 45.64, 347.91
Sat Mar  7 16:38:03 2020,-19.11, 45.49, 348.21
Sat Mar  7 16:38:03 2020,-18.97, 45.36, 348.50
Sat Mar  7 16:38:03 2020,-18.81, 45.22, 348.80
Sat Mar  7 16:38:03 2020,-18.66, 45.09, 349.08
Sat Mar  7 16:38:03 2020,-18.50, 44.95, 349.38
Sat Mar  7 16:38:03 2020,-18.37, 44.82, 349.66
Sat Mar  7 16:38:04 2020,-18.21, 44.66, 349.96
Sat Mar  7 16:38:04 2020,-18.06, 44.50, 350.25
Sat Mar  7 16:38:04 2020,-17.90, 44.33, 350.54
Sat Mar  7 16:38:04 2020,-17.75, 44.18, 350.83
Sat Mar  7 16:38:04 2020,-17.58, 44.04, 351.12
Sat Mar  7 16:38:04 2020,-17.42, 43.88, 351.42
Sat Mar  7 16:38:04 2020,-17.26, 43.73, 351.72
Sat Mar  7 16:38:04 2020,-17.09, 43.58, 352.00
Sat Mar  7 16:38:04 2020,-16.94, 43.44, 352.29
Sat Mar  7 16:38:04 2020,-16.78, 43.30, 352.57
Sat Mar  7 16:38:04 2020,-16.62, 43.09, 352.86
Sat Mar  7 16:38:04 2020,-16.43, 42.91, 353.17
Sat Mar  7 16:38:04 2020,-16.26, 42.80, 353.48
Sat Mar  7 16:38:04 2020,-16.09, 42.61, 353.76
Sat Mar  7 16:38:04 2020,-15.92, 42.42, 354.05
Sat Mar  7 16:38:04 2020,-15.76, 42.27, 354.32
Sat Mar  7 16:38:04 2020,-15.59, 42.16, 354.61
Sat Mar  7 16:38:04 2020,-15.44, 42.03, 354.88
Sat Mar  7 16:38:04 2020,-15.28, 41.89, 355.17
Sat Mar  7 16:38:04 2020,-15.12, 41.76, 355.46
